term,pos,ipa,meaning_vi,cefr,example,collection
keystone,noun,ˈkiːstəʊn,nền tảng then chốt,C1,"Sleep is the keystone of every good routine.",Demo Habits
compound,verb,kəmˈpaʊnd,làm trầm trọng thêm; cộng dồn,B2,"Small gains compound over the years.",Demo Habits
incremental,adj,ˌɪŋkrəˈmentl,tăng dần từng chút,C1,"She made incremental progress each week.",Demo Habits
cue,noun,kjuː,tín hiệu gợi nhắc,B2,"A phone alarm can act as a cue for the habit.",Demo Habits
friction,noun,ˈfrɪkʃn,lực cản; sự trở ngại,B2,"Remove friction and the habit becomes easy.",Demo Habits
reinforce,verb,ˌriːɪnˈfɔːs,củng cố,B2,"Rewards reinforce the behaviour you repeat.",Demo Habits
consistent,adj,kənˈsɪstənt,nhất quán; đều đặn,B1,"Be consistent rather than perfect.",Demo Habits
trigger,noun,ˈtrɪɡə,tác nhân kích hoạt,B2,"Stress can be a trigger for old habits.",Demo Habits
discipline,noun,ˈdɪsəplɪn,kỷ luật,B2,"Discipline matters most on the days you feel like quitting.",Demo Habits
gradual,adj,ˈɡrædʒuəl,từ từ; dần dần,B1,"The change was gradual but lasting.",Demo Habits
resilient,adj,rɪˈzɪliənt,kiên cường; mau phục hồi,C1,"A resilient mind recovers quickly from setbacks.",Demo Habits
routine,noun,ruːˈtiːn,thói quen hằng ngày,B1,"Her morning routine starts with a short walk.",Demo Habits
reluctant,adj,rɪˈlʌktənt,miễn cưỡng,B2,"He was reluctant to leave the warm cottage.",Demo Journey
hoard,noun,hɔːd,kho báu tích trữ,C1,"The dragon guarded a vast hoard of gold.",Demo Journey
perilous,adj,ˈperələs,đầy hiểm nguy,C1,"They set out on a perilous road through the mountains.",Demo Journey
burglar,noun,ˈbɜːɡlə,kẻ trộm đột nhập,B2,"The story follows an unlikely burglar.",Demo Journey
riddle,noun,ˈrɪdl,câu đố,B2,"He answered the riddle before dawn.",Demo Journey
wander,verb,ˈwɒndə,lang thang,B1,"They wander through the forest for days.",Demo Journey
cunning,adj,ˈkʌnɪŋ,xảo quyệt,C1,"A cunning plan saved the company.",Demo Journey
provisions,noun,prəˈvɪʒnz,lương thực dự trữ,B2,"They ran low on provisions after a week.",Demo Journey
dwell,verb,dwel,cư ngụ; nghĩ mãi về,C1,"Small creatures dwell beneath the old hill.",Demo Journey
fellowship,noun,ˈfeləʊʃɪp,tình đồng hành; nhóm bạn,C1,"The fellowship grew stronger with every mile.",Demo Journey
threshold,noun,ˈθreʃhəʊld,ngưỡng cửa,B2,"He paused at the threshold of the door.",Demo Journey
ascend,verb,əˈsend,leo lên,B2,"The path ascends steeply toward the pass.",Demo Journey
cognitive,adj,ˈkɒɡnətɪv,thuộc nhận thức,C1,"The cognitive revolution changed human history.",Demo Sapiens
myth,noun,mɪθ,huyền thoại; điều hoang đường,B2,"Shared myths let strangers cooperate.",Demo Sapiens
forager,noun,ˈfɒrɪdʒə,người săn bắt hái lượm,C1,"Early foragers moved with the seasons.",Demo Sapiens
domesticate,verb,dəˈmestɪkeɪt,thuần hoá,C1,"People began to domesticate wheat and sheep.",Demo Sapiens
surplus,noun,ˈsɜːpləs,thặng dư,B2,"A food surplus allowed cities to grow.",Demo Sapiens
hierarchy,noun,ˈhaɪərɑːki,hệ thống cấp bậc,B2,"Every society builds some kind of hierarchy.",Demo Sapiens
empire,noun,ˈempaɪə,đế chế,B1,"The empire spread across three continents.",Demo Sapiens
currency,noun,ˈkʌrənsi,tiền tệ,B1,"Trust is what gives a currency its value.",Demo Sapiens
subjective,adj,səbˈdʒektɪv,chủ quan,C1,"Money is a subjective reality we all share.",Demo Sapiens
conquer,verb,ˈkɒŋkə,chinh phục,B2,"They set out to conquer distant lands.",Demo Sapiens
inevitable,adj,ɪnˈevɪtəbl,không thể tránh khỏi,B2,"Change felt inevitable once the roads existed.",Demo Sapiens
rely on,phrase,rɪˈlaɪ ɒn,dựa vào,B1,"Farmers rely on the rain each spring.",Demo Sapiens
setback,noun,ˈsetbæk,khó khăn tạm thời; trở ngại,B1,"Losing the contract was a setback for the team.",
